Designator,Mid X,Mid Y,Layer,Rotation,Ref-X(mm),Ref-Y(mm)
M1,60.362001mm,28.164003mm,Top,0.0,60.362001mm,28.164003mm
M2,38.337000mm,52.163000mm,Top,-90.0,38.337000mm,52.163000mm
M3,40.946000mm,74.472500mm,Top,-90.0,40.946000mm,74.472500mm
M4,36.730000mm,68.404000mm,Top,-90.0,36.730000mm,68.404000mm
U1,21.808000mm,52.780000mm,Top,-90.0,21.808000mm,52.780000mm
