Designator,Mid X,Mid Y,Layer,Rotation,Ref-X(mm),Ref-Y(mm)
M1,49.239998mm,29.479997mm,Top,0.0,49.239998mm,29.479997mm
M2,34.330001mm,68.630000mm,Top,-90.0,34.330001mm,68.630000mm
M3,23.280001mm,68.630000mm,Top,-90.0,23.280001mm,68.630000mm
M4,29.779998mm,52.180000mm,Top,-90.0,29.779998mm,52.180000mm
