Ref,Val,Package,PosX,PosY,Rot,Side
"J1","175446-6","1754466",-10.968944,120.052000,90.000000,top
